-- phpMyAdmin SQL Dump
-- version 4.6.5.2
-- https://www.phpmyadmin.net/
--
-- Host: 127.0.0.1
-- Generation Time: Nov 25, 2019 at 02:32 PM
-- Server version: 10.1.21-MariaDB
-- PHP Version: 5.6.30

SET SQL_MODE = "NO_AUTO_VALUE_ON_ZERO";
SET time_zone = "+00:00";


/*!40101 SET @OLD_CHARACTER_SET_CLIENT=@@CHARACTER_SET_CLIENT */;
/*!40101 SET @OLD_CHARACTER_SET_RESULTS=@@CHARACTER_SET_RESULTS */;
/*!40101 SET @OLD_COLLATION_CONNECTION=@@COLLATION_CONNECTION */;
/*!40101 SET NAMES utf8mb4 */;

--
-- Database: `attendance`
--

-- --------------------------------------------------------

--
-- Table structure for table `tbl_admin`
--

CREATE TABLE `tbl_admin` (
  `admin_id` int(11) NOT NULL,
  `admin_user_name` varchar(100) NOT NULL,
  `admin_password` varchar(150) NOT NULL
) ENGINE=InnoDB DEFAULT CHARSET=latin1;

--
-- Dumping data for table `tbl_admin`
--

INSERT INTO `tbl_admin` (`admin_id`, `admin_user_name`, `admin_password`) VALUES
(1, 'admin', '$2y$10$D74Zy1qMkATvmGRoVeq7hed4ajWof2aqDGnEaD3yPHABA.p.e7f4u');

-- --------------------------------------------------------

--
-- Table structure for table `tbl_attendance`
--

CREATE TABLE `tbl_attendance` (
  `attendance_id` int(11) NOT NULL,
  `student_id` int(11) NOT NULL,
  `attendance_status` enum('Present','Absent') NOT NULL,
  `attendance_date` date NOT NULL,
  `teacher_id` int(11) NOT NULL
) ENGINE=InnoDB DEFAULT CHARSET=latin1;

--
-- Dumping data for table `tbl_attendance`
--

INSERT INTO `tbl_attendance` (`attendance_id`, `student_id`, `attendance_status`, `attendance_date`, `teacher_id`) VALUES
(1, 7, 'Present', '2019-05-01', 3),
(2, 8, 'Present', '2019-05-01', 3),
(3, 9, 'Absent', '2019-05-01', 3),
(4, 10, 'Present', '2019-05-01', 3),
(5, 11, 'Present', '2019-05-01', 3),
(6, 7, 'Absent', '2019-05-02', 3),
(7, 8, 'Present', '2019-05-02', 3),
(8, 9, 'Present', '2019-05-02', 3),
(9, 10, 'Present', '2019-05-02', 3),
(10, 11, 'Absent', '2019-05-02', 3),
(11, 1, 'Present', '2019-05-01', 2),
(12, 3, 'Present', '2019-05-01', 2),
(13, 4, 'Present', '2019-05-01', 2),
(14, 5, 'Present', '2019-05-01', 2),
(15, 6, 'Present', '2019-05-01', 2),
(16, 1, 'Present', '2019-05-02', 2),
(17, 3, 'Absent', '2019-05-02', 2),
(18, 4, 'Present', '2019-05-02', 2),
(19, 5, 'Absent', '2019-05-02', 2),
(20, 6, 'Present', '2019-05-02', 2),
(21, 1, 'Present', '2019-05-03', 2),
(22, 3, 'Present', '2019-05-03', 2),
(23, 4, 'Absent', '2019-05-03', 2),
(24, 5, 'Present', '2019-05-03', 2),
(25, 6, 'Present', '2019-05-03', 2),
(26, 1, 'Absent', '2019-05-04', 2),
(27, 3, 'Present', '2019-05-04', 2),
(28, 4, 'Present', '2019-05-04', 2),
(29, 5, 'Present', '2019-05-04', 2),
(30, 6, 'Present', '2019-05-04', 2),
(31, 1, 'Present', '2019-05-06', 2),
(32, 3, 'Present', '2019-05-06', 2),
(33, 4, 'Present', '2019-05-06', 2),
(34, 5, 'Present', '2019-05-06', 2),
(35, 6, 'Present', '2019-05-06', 2),
(36, 1, 'Present', '2019-05-07', 2),
(37, 3, 'Present', '2019-05-07', 2),
(38, 4, 'Present', '2019-05-07', 2),
(39, 5, 'Present', '2019-05-07', 2),
(40, 6, 'Absent', '2019-05-07', 2),
(41, 1, 'Present', '2019-05-08', 2),
(42, 3, 'Present', '2019-05-08', 2),
(43, 4, 'Present', '2019-05-08', 2),
(44, 5, 'Absent', '2019-05-08', 2),
(45, 6, 'Present', '2019-05-08', 2),
(46, 1, 'Present', '2019-05-09', 2),
(47, 3, 'Present', '2019-05-09', 2),
(48, 4, 'Present', '2019-05-09', 2),
(49, 5, 'Present', '2019-05-09', 2),
(50, 6, 'Present', '2019-05-09', 2),
(51, 1, 'Present', '2019-05-10', 2),
(52, 3, 'Absent', '2019-05-10', 2),
(53, 4, 'Absent', '2019-05-10', 2),
(54, 5, 'Present', '2019-05-10', 2),
(55, 6, 'Absent', '2019-05-10', 2),
(56, 1, 'Present', '2019-05-11', 2),
(57, 3, 'Present', '2019-05-11', 2),
(58, 4, 'Absent', '2019-05-11', 2),
(59, 5, 'Present', '2019-05-11', 2),
(60, 6, 'Absent', '2019-05-11', 2),
(61, 7, 'Present', '2019-05-03', 3),
(62, 8, 'Present', '2019-05-03', 3),
(63, 9, 'Present', '2019-05-03', 3),
(64, 10, 'Present', '2019-05-03', 3),
(65, 11, 'Present', '2019-05-03', 3),
(66, 7, 'Absent', '2019-05-04', 3),
(67, 8, 'Present', '2019-05-04', 3),
(68, 9, 'Absent', '2019-05-04', 3),
(69, 10, 'Present', '2019-05-04', 3),
(70, 11, 'Absent', '2019-05-04', 3),
(71, 7, 'Present', '2019-05-06', 3),
(72, 8, 'Present', '2019-05-06', 3),
(73, 9, 'Absent', '2019-05-06', 3),
(74, 10, 'Present', '2019-05-06', 3),
(75, 11, 'Present', '2019-05-06', 3),
(76, 7, 'Present', '2019-05-07', 3),
(77, 8, 'Present', '2019-05-07', 3),
(78, 9, 'Present', '2019-05-07', 3),
(79, 10, 'Present', '2019-05-07', 3),
(80, 11, 'Present', '2019-05-07', 3),
(81, 7, 'Present', '2019-05-08', 3),
(82, 8, 'Present', '2019-05-08', 3),
(83, 9, 'Present', '2019-05-08', 3),
(84, 10, 'Absent', '2019-05-08', 3),
(85, 11, 'Absent', '2019-05-08', 3),
(86, 7, 'Present', '2019-05-09', 3),
(87, 8, 'Present', '2019-05-09', 3),
(88, 9, 'Absent', '2019-05-09', 3),
(89, 10, 'Present', '2019-05-09', 3),
(90, 11, 'Present', '2019-05-09', 3),
(91, 7, 'Absent', '2019-05-10', 3),
(92, 8, 'Present', '2019-05-10', 3),
(93, 9, 'Present', '2019-05-10', 3),
(94, 10, 'Present', '2019-05-10', 3),
(95, 11, 'Absent', '2019-05-10', 3),
(96, 7, 'Present', '2019-05-11', 3),
(97, 8, 'Present', '2019-05-11', 3),
(98, 9, 'Present', '2019-05-11', 3),
(99, 10, 'Absent', '2019-05-11', 3),
(100, 11, 'Present', '2019-05-11', 3),
(101, 12, 'Present', '2019-05-01', 4),
(102, 13, 'Present', '2019-05-01', 4),
(103, 14, 'Present', '2019-05-01', 4),
(104, 15, 'Present', '2019-05-01', 4),
(105, 16, 'Present', '2019-05-01', 4),
(106, 12, 'Present', '2019-05-02', 4),
(107, 13, 'Absent', '2019-05-02', 4),
(108, 14, 'Present', '2019-05-02', 4),
(109, 15, 'Absent', '2019-05-02', 4),
(110, 16, 'Present', '2019-05-02', 4),
(111, 12, 'Present', '2019-05-03', 4),
(112, 13, 'Present', '2019-05-03', 4),
(113, 14, 'Present', '2019-05-03', 4),
(114, 15, 'Absent', '2019-05-03', 4),
(115, 16, 'Present', '2019-05-03', 4),
(116, 12, 'Present', '2019-05-04', 4),
(117, 13, 'Present', '2019-05-04', 4),
(118, 14, 'Present', '2019-05-04', 4),
(119, 15, 'Present', '2019-05-04', 4),
(120, 16, 'Present', '2019-05-04', 4),
(121, 12, 'Present', '2019-05-06', 4),
(122, 13, 'Absent', '2019-05-06', 4),
(123, 14, 'Absent', '2019-05-06', 4),
(124, 15, 'Present', '2019-05-06', 4),
(125, 16, 'Present', '2019-05-06', 4),
(126, 12, 'Absent', '2019-05-07', 4),
(127, 13, 'Present', '2019-05-07', 4),
(128, 14, 'Present', '2019-05-07', 4),
(129, 15, 'Present', '2019-05-07', 4),
(130, 16, 'Absent', '2019-05-07', 4),
(131, 12, 'Present', '2019-05-08', 4),
(132, 13, 'Absent', '2019-05-08', 4),
(133, 14, 'Present', '2019-05-08', 4),
(134, 15, 'Present', '2019-05-08', 4),
(135, 16, 'Present', '2019-05-08', 4),
(136, 12, 'Present', '2019-05-09', 4),
(137, 13, 'Present', '2019-05-09', 4),
(138, 14, 'Present', '2019-05-09', 4),
(139, 15, 'Present', '2019-05-09', 4),
(140, 16, 'Absent', '2019-05-09', 4),
(141, 12, 'Present', '2019-05-10', 4),
(142, 13, 'Absent', '2019-05-10', 4),
(143, 14, 'Present', '2019-05-10', 4),
(144, 15, 'Present', '2019-05-10', 4),
(145, 16, 'Absent', '2019-05-10', 4),
(146, 12, 'Present', '2019-05-11', 4),
(147, 13, 'Present', '2019-05-11', 4),
(148, 14, 'Present', '2019-05-11', 4),
(149, 15, 'Present', '2019-05-11', 4),
(150, 16, 'Present', '2019-05-11', 4),
(151, 17, 'Present', '2019-05-01', 5),
(152, 18, 'Present', '2019-05-01', 5),
(153, 19, 'Present', '2019-05-01', 5),
(154, 20, 'Absent', '2019-05-01', 5),
(155, 21, 'Absent', '2019-05-01', 5),
(156, 17, 'Present', '2019-05-02', 5),
(157, 18, 'Present', '2019-05-02', 5),
(158, 19, 'Present', '2019-05-02', 5),
(159, 20, 'Present', '2019-05-02', 5),
(160, 21, 'Present', '2019-05-02', 5),
(161, 17, 'Present', '2019-05-03', 5),
(162, 18, 'Present', '2019-05-03', 5),
(163, 19, 'Present', '2019-05-03', 5),
(164, 20, 'Present', '2019-05-03', 5),
(165, 21, 'Absent', '2019-05-03', 5),
(166, 17, 'Present', '2019-05-04', 5),
(167, 18, 'Present', '2019-05-04', 5),
(168, 19, 'Absent', '2019-05-04', 5),
(169, 20, 'Present', '2019-05-04', 5),
(170, 21, 'Present', '2019-05-04', 5),
(171, 17, 'Present', '2019-05-06', 5),
(172, 18, 'Present', '2019-05-06', 5),
(173, 19, 'Present', '2019-05-06', 5),
(174, 20, 'Present', '2019-05-06', 5),
(175, 21, 'Present', '2019-05-06', 5),
(176, 17, 'Present', '2019-05-07', 5),
(177, 18, 'Present', '2019-05-07', 5),
(178, 19, 'Present', '2019-05-07', 5),
(179, 20, 'Present', '2019-05-07', 5),
(180, 21, 'Absent', '2019-05-07', 5),
(181, 17, 'Present', '2019-05-08', 5),
(182, 18, 'Present', '2019-05-08', 5),
(183, 19, 'Present', '2019-05-08', 5),
(184, 20, 'Absent', '2019-05-08', 5),
(185, 21, 'Present', '2019-05-08', 5),
(186, 17, 'Present', '2019-05-09', 5),
(187, 18, 'Present', '2019-05-09', 5),
(188, 19, 'Absent', '2019-05-09', 5),
(189, 20, 'Absent', '2019-05-09', 5),
(190, 21, 'Present', '2019-05-09', 5),
(191, 17, 'Absent', '2019-05-10', 5),
(192, 18, 'Present', '2019-05-10', 5),
(193, 19, 'Present', '2019-05-10', 5),
(194, 20, 'Present', '2019-05-10', 5),
(195, 21, 'Present', '2019-05-10', 5),
(196, 17, 'Present', '2019-05-11', 5),
(197, 18, 'Present', '2019-05-11', 5),
(198, 19, 'Present', '2019-05-11', 5),
(199, 20, 'Absent', '2019-05-11', 5),
(200, 21, 'Present', '2019-05-11', 5),
(201, 7, 'Present', '2019-05-13', 3),
(202, 8, 'Present', '2019-05-13', 3),
(203, 9, 'Present', '2019-05-13', 3),
(204, 10, 'Absent', '2019-05-13', 3),
(205, 11, 'Present', '2019-05-13', 3),
(206, 7, 'Present', '2019-05-14', 3),
(207, 8, 'Present', '2019-05-14', 3),
(208, 9, 'Absent', '2019-05-14', 3),
(209, 10, 'Present', '2019-05-14', 3),
(210, 11, 'Present', '2019-05-14', 3),
(211, 32, 'Present', '2019-11-06', 10),
(212, 33, 'Present', '2019-11-06', 10),
(213, 39, 'Absent', '2019-11-06', 10),
(214, 45, 'Present', '2019-11-06', 10),
(215, 32, 'Present', '2019-11-05', 10),
(216, 33, 'Present', '2019-11-05', 10),
(217, 39, 'Present', '2019-11-05', 10),
(218, 45, 'Absent', '2019-11-05', 10),
(219, 59, 'Present', '2019-11-06', 14),
(220, 68, 'Present', '2019-11-06', 14),
(221, 78, 'Present', '2019-11-06', 14),
(222, 87, 'Present', '2019-11-06', 14),
(223, 96, 'Absent', '2019-11-06', 14),
(224, 105, 'Present', '2019-11-06', 14),
(225, 115, 'Absent', '2019-11-06', 14),
(226, 125, 'Present', '2019-11-06', 14),
(227, 134, 'Absent', '2019-11-06', 14),
(228, 143, 'Absent', '2019-11-06', 14),
(229, 159, 'Present', '2019-11-06', 14),
(230, 59, 'Present', '2019-11-07', 14),
(231, 68, 'Present', '2019-11-07', 14),
(232, 78, 'Absent', '2019-11-07', 14),
(233, 87, 'Absent', '2019-11-07', 14),
(234, 96, 'Present', '2019-11-07', 14),
(235, 105, 'Absent', '2019-11-07', 14),
(236, 115, 'Absent', '2019-11-07', 14),
(237, 125, 'Present', '2019-11-07', 14),
(238, 134, 'Present', '2019-11-07', 14),
(239, 143, 'Present', '2019-11-07', 14),
(240, 159, 'Present', '2019-11-07', 14),
(241, 59, 'Present', '2019-11-08', 14),
(242, 68, 'Present', '2019-11-08', 14),
(243, 78, 'Absent', '2019-11-08', 14),
(244, 87, 'Absent', '2019-11-08', 14),
(245, 96, 'Present', '2019-11-08', 14),
(246, 105, 'Absent', '2019-11-08', 14),
(247, 115, 'Absent', '2019-11-08', 14),
(248, 125, 'Absent', '2019-11-08', 14),
(249, 134, 'Present', '2019-11-08', 14),
(250, 143, 'Present', '2019-11-08', 14),
(251, 159, 'Present', '2019-11-08', 14),
(252, 59, 'Present', '2019-11-09', 14),
(253, 68, 'Present', '2019-11-09', 14),
(254, 78, 'Present', '2019-11-09', 14),
(255, 87, 'Present', '2019-11-09', 14),
(256, 96, 'Absent', '2019-11-09', 14),
(257, 105, 'Absent', '2019-11-09', 14),
(258, 115, 'Present', '2019-11-09', 14),
(259, 125, 'Present', '2019-11-09', 14),
(260, 134, 'Absent', '2019-11-09', 14),
(261, 143, 'Absent', '2019-11-09', 14),
(262, 159, 'Present', '2019-11-09', 14),
(263, 59, 'Present', '2019-11-12', 14),
(264, 68, 'Absent', '2019-11-12', 14),
(265, 78, 'Present', '2019-11-12', 14),
(266, 87, 'Absent', '2019-11-12', 14),
(267, 96, 'Present', '2019-11-12', 14),
(268, 105, 'Absent', '2019-11-12', 14),
(269, 115, 'Present', '2019-11-12', 14),
(270, 125, 'Absent', '2019-11-12', 14),
(271, 134, 'Absent', '2019-11-12', 14),
(272, 143, 'Present', '2019-11-12', 14),
(273, 159, 'Present', '2019-11-12', 14),
(274, 54, 'Present', '2019-11-06', 11),
(275, 63, 'Present', '2019-11-06', 11),
(276, 72, 'Present', '2019-11-06', 11),
(277, 82, 'Absent', '2019-11-06', 11),
(278, 91, 'Present', '2019-11-06', 11),
(279, 100, 'Present', '2019-11-06', 11),
(280, 109, 'Absent', '2019-11-06', 11),
(281, 120, 'Absent', '2019-11-06', 11),
(282, 129, 'Present', '2019-11-06', 11),
(283, 138, 'Absent', '2019-11-06', 11),
(284, 147, 'Present', '2019-11-06', 11),
(285, 154, 'Present', '2019-11-06', 11),
(286, 54, 'Present', '2019-11-14', 11),
(287, 63, 'Absent', '2019-11-14', 11),
(288, 72, 'Present', '2019-11-14', 11),
(289, 82, 'Present', '2019-11-14', 11),
(290, 91, 'Present', '2019-11-14', 11),
(291, 100, 'Present', '2019-11-14', 11),
(292, 109, 'Absent', '2019-11-14', 11),
(293, 120, 'Present', '2019-11-14', 11),
(294, 129, 'Absent', '2019-11-14', 11),
(295, 138, 'Absent', '2019-11-14', 11),
(296, 147, 'Absent', '2019-11-14', 11),
(297, 154, 'Present', '2019-11-14', 11),
(298, 54, 'Present', '2019-11-21', 11),
(299, 63, 'Present', '2019-11-21', 11),
(300, 72, 'Present', '2019-11-21', 11),
(301, 82, 'Absent', '2019-11-21', 11),
(302, 91, 'Absent', '2019-11-21', 11),
(303, 100, 'Absent', '2019-11-21', 11),
(304, 109, 'Present', '2019-11-21', 11),
(305, 120, 'Present', '2019-11-21', 11),
(306, 129, 'Absent', '2019-11-21', 11),
(307, 138, 'Present', '2019-11-21', 11),
(308, 147, 'Absent', '2019-11-21', 11),
(309, 154, 'Absent', '2019-11-21', 11),
(310, 163, 'Absent', '2019-11-21', 11),
(311, 174, 'Absent', '2019-11-21', 11),
(312, 183, 'Present', '2019-11-21', 11),
(313, 192, 'Present', '2019-11-21', 11),
(314, 202, 'Absent', '2019-11-21', 11),
(315, 211, 'Absent', '2019-11-21', 11),
(316, 220, 'Present', '2019-11-21', 11),
(317, 229, 'Absent', '2019-11-21', 11),
(318, 238, 'Absent', '2019-11-21', 11),
(319, 247, 'Absent', '2019-11-21', 11),
(320, 256, 'Absent', '2019-11-21', 11),
(321, 265, 'Absent', '2019-11-21', 11),
(322, 274, 'Present', '2019-11-21', 11),
(323, 283, 'Absent', '2019-11-21', 11),
(324, 292, 'Present', '2019-11-21', 11),
(325, 54, 'Present', '2019-11-20', 11),
(326, 63, 'Present', '2019-11-20', 11),
(327, 72, 'Present', '2019-11-20', 11),
(328, 82, 'Absent', '2019-11-20', 11),
(329, 91, 'Absent', '2019-11-20', 11),
(330, 100, 'Present', '2019-11-20', 11),
(331, 109, 'Present', '2019-11-20', 11),
(332, 120, 'Present', '2019-11-20', 11),
(333, 129, 'Present', '2019-11-20', 11),
(334, 138, 'Present', '2019-11-20', 11),
(335, 147, 'Absent', '2019-11-20', 11),
(336, 154, 'Absent', '2019-11-20', 11),
(337, 163, 'Present', '2019-11-20', 11),
(338, 174, 'Present', '2019-11-20', 11),
(339, 183, 'Absent', '2019-11-20', 11),
(340, 192, 'Present', '2019-11-20', 11),
(341, 202, 'Present', '2019-11-20', 11),
(342, 211, 'Present', '2019-11-20', 11),
(343, 220, 'Present', '2019-11-20', 11),
(344, 229, 'Present', '2019-11-20', 11),
(345, 238, 'Present', '2019-11-20', 11),
(346, 247, 'Present', '2019-11-20', 11),
(347, 256, 'Present', '2019-11-20', 11),
(348, 265, 'Present', '2019-11-20', 11),
(349, 274, 'Present', '2019-11-20', 11),
(350, 283, 'Absent', '2019-11-20', 11),
(351, 292, 'Present', '2019-11-20', 11),
(352, 54, 'Present', '2019-11-07', 11),
(353, 63, 'Present', '2019-11-07', 11),
(354, 72, 'Present', '2019-11-07', 11),
(355, 82, 'Present', '2019-11-07', 11),
(356, 91, 'Present', '2019-11-07', 11),
(357, 100, 'Present', '2019-11-07', 11),
(358, 109, 'Absent', '2019-11-07', 11),
(359, 120, 'Present', '2019-11-07', 11),
(360, 129, 'Absent', '2019-11-07', 11),
(361, 138, 'Absent', '2019-11-07', 11),
(362, 147, 'Present', '2019-11-07', 11),
(363, 154, 'Absent', '2019-11-07', 11),
(364, 163, 'Present', '2019-11-07', 11),
(365, 174, 'Present', '2019-11-07', 11),
(366, 183, 'Present', '2019-11-07', 11),
(367, 192, 'Present', '2019-11-07', 11),
(368, 202, 'Present', '2019-11-07', 11),
(369, 211, 'Absent', '2019-11-07', 11),
(370, 220, 'Absent', '2019-11-07', 11),
(371, 229, 'Absent', '2019-11-07', 11),
(372, 238, 'Absent', '2019-11-07', 11),
(373, 247, 'Absent', '2019-11-07', 11),
(374, 256, 'Present', '2019-11-07', 11),
(375, 265, 'Present', '2019-11-07', 11),
(376, 274, 'Present', '2019-11-07', 11),
(377, 283, 'Present', '2019-11-07', 11),
(378, 292, 'Present', '2019-11-07', 11),
(379, 54, 'Present', '2019-11-08', 11),
(380, 63, 'Present', '2019-11-08', 11),
(381, 72, 'Present', '2019-11-08', 11),
(382, 82, 'Absent', '2019-11-08', 11),
(383, 91, 'Absent', '2019-11-08', 11),
(384, 100, 'Absent', '2019-11-08', 11),
(385, 109, 'Absent', '2019-11-08', 11),
(386, 120, 'Present', '2019-11-08', 11),
(387, 129, 'Present', '2019-11-08', 11),
(388, 138, 'Present', '2019-11-08', 11),
(389, 147, 'Present', '2019-11-08', 11),
(390, 154, 'Present', '2019-11-08', 11),
(391, 163, 'Absent', '2019-11-08', 11),
(392, 174, 'Present', '2019-11-08', 11),
(393, 183, 'Absent', '2019-11-08', 11),
(394, 192, 'Absent', '2019-11-08', 11),
(395, 202, 'Present', '2019-11-08', 11),
(396, 211, 'Absent', '2019-11-08', 11),
(397, 220, 'Absent', '2019-11-08', 11),
(398, 229, 'Present', '2019-11-08', 11),
(399, 238, 'Present', '2019-11-08', 11),
(400, 247, 'Present', '2019-11-08', 11),
(401, 256, 'Present', '2019-11-08', 11),
(402, 265, 'Absent', '2019-11-08', 11),
(403, 274, 'Present', '2019-11-08', 11),
(404, 283, 'Present', '2019-11-08', 11),
(405, 292, 'Present', '2019-11-08', 11),
(406, 54, 'Present', '2019-11-09', 11),
(407, 63, 'Present', '2019-11-09', 11),
(408, 72, 'Absent', '2019-11-09', 11),
(409, 82, 'Present', '2019-11-09', 11),
(410, 91, 'Present', '2019-11-09', 11),
(411, 100, 'Absent', '2019-11-09', 11),
(412, 109, 'Absent', '2019-11-09', 11),
(413, 120, 'Absent', '2019-11-09', 11),
(414, 129, 'Absent', '2019-11-09', 11),
(415, 138, 'Present', '2019-11-09', 11),
(416, 147, 'Present', '2019-11-09', 11),
(417, 154, 'Present', '2019-11-09', 11),
(418, 163, 'Present', '2019-11-09', 11),
(419, 174, 'Absent', '2019-11-09', 11),
(420, 183, 'Present', '2019-11-09', 11),
(421, 192, 'Absent', '2019-11-09', 11),
(422, 202, 'Present', '2019-11-09', 11),
(423, 211, 'Present', '2019-11-09', 11),
(424, 220, 'Absent', '2019-11-09', 11),
(425, 229, 'Absent', '2019-11-09', 11),
(426, 238, 'Absent', '2019-11-09', 11),
(427, 247, 'Present', '2019-11-09', 11),
(428, 256, 'Present', '2019-11-09', 11),
(429, 265, 'Present', '2019-11-09', 11),
(430, 274, 'Present', '2019-11-09', 11),
(431, 283, 'Present', '2019-11-09', 11),
(432, 292, 'Present', '2019-11-09', 11),
(433, 54, 'Present', '2019-11-10', 11),
(434, 63, 'Present', '2019-11-10', 11),
(435, 72, 'Present', '2019-11-10', 11),
(436, 82, 'Present', '2019-11-10', 11),
(437, 91, 'Present', '2019-11-10', 11),
(438, 100, 'Absent', '2019-11-10', 11),
(439, 109, 'Absent', '2019-11-10', 11),
(440, 120, 'Present', '2019-11-10', 11),
(441, 129, 'Present', '2019-11-10', 11),
(442, 138, 'Absent', '2019-11-10', 11),
(443, 147, 'Present', '2019-11-10', 11),
(444, 154, 'Absent', '2019-11-10', 11),
(445, 163, 'Absent', '2019-11-10', 11),
(446, 174, 'Present', '2019-11-10', 11),
(447, 183, 'Present', '2019-11-10', 11),
(448, 192, 'Present', '2019-11-10', 11),
(449, 202, 'Present', '2019-11-10', 11),
(450, 211, 'Absent', '2019-11-10', 11),
(451, 220, 'Present', '2019-11-10', 11),
(452, 229, 'Present', '2019-11-10', 11),
(453, 238, 'Absent', '2019-11-10', 11),
(454, 247, 'Absent', '2019-11-10', 11),
(455, 256, 'Absent', '2019-11-10', 11),
(456, 265, 'Absent', '2019-11-10', 11),
(457, 274, 'Present', '2019-11-10', 11),
(458, 283, 'Present', '2019-11-10', 11),
(459, 292, 'Present', '2019-11-10', 11),
(460, 54, 'Present', '2019-11-11', 11),
(461, 63, 'Present', '2019-11-11', 11),
(462, 72, 'Present', '2019-11-11', 11),
(463, 82, 'Present', '2019-11-11', 11),
(464, 91, 'Absent', '2019-11-11', 11),
(465, 100, 'Absent', '2019-11-11', 11),
(466, 109, 'Absent', '2019-11-11', 11),
(467, 120, 'Absent', '2019-11-11', 11),
(468, 129, 'Present', '2019-11-11', 11),
(469, 138, 'Absent', '2019-11-11', 11),
(470, 147, 'Present', '2019-11-11', 11),
(471, 154, 'Present', '2019-11-11', 11),
(472, 163, 'Present', '2019-11-11', 11),
(473, 174, 'Present', '2019-11-11', 11),
(474, 183, 'Absent', '2019-11-11', 11),
(475, 192, 'Absent', '2019-11-11', 11),
(476, 202, 'Present', '2019-11-11', 11),
(477, 211, 'Absent', '2019-11-11', 11),
(478, 220, 'Absent', '2019-11-11', 11),
(479, 229, 'Absent', '2019-11-11', 11),
(480, 238, 'Present', '2019-11-11', 11),
(481, 247, 'Present', '2019-11-11', 11),
(482, 256, 'Absent', '2019-11-11', 11),
(483, 265, 'Present', '2019-11-11', 11),
(484, 274, 'Present', '2019-11-11', 11),
(485, 283, 'Absent', '2019-11-11', 11),
(486, 292, 'Present', '2019-11-11', 11),
(487, 54, 'Present', '2019-11-30', 11),
(488, 63, 'Present', '2019-11-30', 11),
(489, 72, 'Present', '2019-11-30', 11),
(490, 82, 'Absent', '2019-11-30', 11),
(491, 91, 'Present', '2019-11-30', 11),
(492, 100, 'Present', '2019-11-30', 11),
(493, 109, 'Absent', '2019-11-30', 11),
(494, 120, 'Present', '2019-11-30', 11),
(495, 129, 'Present', '2019-11-30', 11),
(496, 138, 'Absent', '2019-11-30', 11),
(497, 147, 'Absent', '2019-11-30', 11),
(498, 154, 'Absent', '2019-11-30', 11),
(499, 163, 'Absent', '2019-11-30', 11),
(500, 174, 'Present', '2019-11-30', 11),
(501, 183, 'Present', '2019-11-30', 11),
(502, 192, 'Present', '2019-11-30', 11),
(503, 202, 'Absent', '2019-11-30', 11),
(504, 211, 'Absent', '2019-11-30', 11),
(505, 220, 'Absent', '2019-11-30', 11),
(506, 229, 'Present', '2019-11-30', 11),
(507, 238, 'Present', '2019-11-30', 11),
(508, 247, 'Present', '2019-11-30', 11),
(509, 256, 'Present', '2019-11-30', 11),
(510, 265, 'Absent', '2019-11-30', 11),
(511, 274, 'Present', '2019-11-30', 11),
(512, 283, 'Absent', '2019-11-30', 11),
(513, 292, 'Present', '2019-11-30', 11),
(514, 56, 'Present', '2019-11-22', 13),
(515, 65, 'Present', '2019-11-22', 13),
(516, 75, 'Present', '2019-11-22', 13),
(517, 84, 'Present', '2019-11-22', 13),
(518, 93, 'Present', '2019-11-22', 13),
(519, 102, 'Absent', '2019-11-22', 13),
(520, 111, 'Absent', '2019-11-22', 13),
(521, 122, 'Present', '2019-11-22', 13),
(522, 131, 'Present', '2019-11-22', 13),
(523, 140, 'Present', '2019-11-22', 13),
(524, 149, 'Absent', '2019-11-22', 13),
(525, 156, 'Absent', '2019-11-22', 13),
(526, 165, 'Absent', '2019-11-22', 13),
(527, 176, 'Absent', '2019-11-22', 13),
(528, 185, 'Absent', '2019-11-22', 13),
(529, 195, 'Absent', '2019-11-22', 13),
(530, 204, 'Absent', '2019-11-22', 13),
(531, 213, 'Present', '2019-11-22', 13),
(532, 222, 'Present', '2019-11-22', 13),
(533, 231, 'Present', '2019-11-22', 13),
(534, 240, 'Present', '2019-11-22', 13),
(535, 249, 'Present', '2019-11-22', 13),
(536, 258, 'Absent', '2019-11-22', 13),
(537, 267, 'Absent', '2019-11-22', 13),
(538, 276, 'Present', '2019-11-22', 13),
(539, 285, 'Present', '2019-11-22', 13),
(540, 294, 'Absent', '2019-11-22', 13);

-- --------------------------------------------------------

--
-- Table structure for table `tbl_grade`
--

CREATE TABLE `tbl_grade` (
  `grade_id` int(11) NOT NULL,
  `grade_name` varchar(100) NOT NULL
) ENGINE=InnoDB DEFAULT CHARSET=latin1;

--
-- Dumping data for table `tbl_grade`
--

INSERT INTO `tbl_grade` (`grade_id`, `grade_name`) VALUES
(1, 'Computer Graphic & Animation Lab'),
(2, 'Unix & Linux Programming Lab'),
(3, 'Expert System'),
(4, 'Cyber Security'),
(5, 'Computer Graphic & Animation'),
(6, 'Unix & Linux Programming'),
(7, 'Seminar'),
(8, 'PDP'),
(9, 'Minor Project');

-- --------------------------------------------------------

--
-- Table structure for table `tbl_student`
--

CREATE TABLE `tbl_student` (
  `student_id` int(11) NOT NULL,
  `student_name` varchar(150) NOT NULL,
  `student_roll_number` int(11) NOT NULL,
  `student_dob` date NOT NULL,
  `student_grade_id` int(11) NOT NULL
) ENGINE=InnoDB DEFAULT CHARSET=latin1;

--
-- Dumping data for table `tbl_student`
--

INSERT INTO `tbl_student` (`student_id`, `student_name`, `student_roll_number`, `student_dob`, `student_grade_id`) VALUES
(52, 'DIPAN SAMADDER', 4917855, '1994-09-30', 5),
(53, 'DIPAN SAMADDER', 4917855, '1994-09-30', 1),
(54, 'DIPAN SAMADDER', 4917855, '1994-09-30', 4),
(55, 'DIPAN SAMADDER', 4917855, '1994-09-30', 3),
(56, 'DIPAN SAMADDER', 4917855, '1994-09-30', 9),
(57, 'DIPAN SAMADDER', 4917855, '1994-09-30', 8),
(58, 'DIPAN SAMADDER', 4917855, '1994-09-30', 7),
(59, 'DIPAN SAMADDER', 4917855, '1994-09-30', 6),
(60, 'DIPAN SAMADDER', 4917855, '1994-09-30', 2),
(61, 'RAVITA ', 4917854, '1999-02-14', 5),
(62, 'RAVITA ', 4917854, '1999-02-14', 1),
(63, 'RAVITA ', 4917854, '1999-02-14', 4),
(64, 'RAVITA ', 4917854, '1999-02-14', 3),
(65, 'RAVITA ', 4917854, '1999-02-14', 9),
(66, 'RAVITA ', 4917854, '1999-02-14', 8),
(67, 'RAVITA ', 4917854, '1999-02-14', 7),
(68, 'RAVITA ', 4917854, '1999-02-14', 6),
(69, 'RAVITA ', 4917854, '1999-02-14', 2),
(70, 'MANVI SHARMA', 4917853, '1999-02-14', 5),
(71, 'MANVI SHARMA', 4917853, '1999-02-14', 1),
(72, 'MANVI SHARMA', 4917853, '1999-02-14', 4),
(74, 'MANVI SHARMA', 4917853, '1999-02-14', 3),
(75, 'MANVI SHARMA', 4917853, '1999-02-14', 9),
(76, 'MANVI SHARMA', 4917853, '1999-02-14', 8),
(77, 'MANVI SHARMA', 4917853, '1999-02-14', 7),
(78, 'MANVI SHARMA', 4917853, '1999-02-14', 6),
(79, 'MANVI SHARMA', 4917853, '1999-02-14', 2),
(80, 'ROHIT VERMA ', 4917852, '1999-02-14', 5),
(81, 'ROHIT VERMA ', 4917852, '1999-02-14', 1),
(82, 'ROHIT VERMA ', 4917852, '1999-02-14', 4),
(83, 'ROHIT VERMA ', 4917852, '1999-02-14', 3),
(84, 'ROHIT VERMA ', 4917852, '1999-02-14', 9),
(85, 'ROHIT VERMA ', 4917852, '1999-02-14', 8),
(86, 'ROHIT VERMA ', 4917852, '1999-02-14', 7),
(87, 'ROHIT VERMA ', 4917852, '1999-02-14', 6),
(88, 'ROHIT VERMA ', 4917852, '1999-02-14', 2),
(89, 'VINAY SINGHAL', 3616113, '1997-02-14', 5),
(90, 'VINAY SINGHAL', 3616113, '1997-02-14', 1),
(91, 'VINAY SINGHAL', 3616113, '1997-02-14', 4),
(92, 'VINAY SINGHAL', 3616113, '1997-02-14', 3),
(93, 'VINAY SINGHAL', 3616113, '1997-02-14', 9),
(94, 'VINAY SINGHAL', 3616113, '1997-02-14', 8),
(95, 'VINAY SINGHAL', 3616113, '1997-02-14', 7),
(96, 'VINAY SINGHAL', 3616113, '1997-02-14', 6),
(97, 'VINAY SINGHAL', 3616113, '1997-02-14', 2),
(98, 'VIPLOW', 4916157, '1997-02-14', 5),
(99, 'VIPLOW', 4916157, '1997-02-14', 1),
(100, 'VIPLOW', 4916157, '1997-02-14', 4),
(101, 'VIPLOW', 4916157, '1997-02-14', 3),
(102, 'VIPLOW', 4916157, '1997-02-14', 9),
(103, 'VIPLOW', 4916157, '1997-02-14', 8),
(104, 'VIPLOW', 4916157, '1997-02-14', 7),
(105, 'VIPLOW', 4916157, '1997-02-14', 6),
(106, 'VIPLOW', 4916157, '1997-02-14', 2),
(107, 'VIKAS KUMAR', 4916156, '1997-02-14', 5),
(108, 'VIKAS KUMAR', 4916156, '1997-02-14', 1),
(109, 'VIKAS KUMAR', 4916156, '1997-02-14', 4),
(110, 'VIKAS KUMAR', 4916156, '1997-02-14', 3),
(111, 'VIKAS KUMAR', 4916156, '1997-02-14', 9),
(112, 'VIKAS KUMAR', 4916156, '1997-02-14', 8),
(113, 'VIKAS KUMAR', 4916156, '1997-02-14', 7),
(115, 'VIKAS KUMAR', 4916156, '1997-02-14', 6),
(116, 'VIKAS KUMAR', 4916156, '1997-02-14', 2),
(118, 'VAHID KHAN', 4916155, '1997-02-14', 5),
(119, 'VAHID KHAN', 4916155, '1997-02-14', 1),
(120, 'VAHID KHAN', 4916155, '1997-02-14', 4),
(121, 'VAHID KHAN', 4916155, '1997-02-14', 3),
(122, 'VAHID KHAN', 4916155, '1997-02-14', 9),
(123, 'VAHID KHAN', 4916155, '1997-02-14', 8),
(124, 'VAHID KHAN', 4916155, '1997-02-14', 7),
(125, 'VAHID KHAN', 4916155, '1997-02-14', 6),
(126, 'VAHID KHAN', 4916155, '1997-02-14', 2),
(127, 'TANYA', 4916153, '1999-02-14', 5),
(128, 'TANYA', 4916153, '1999-02-14', 1),
(129, 'TANYA', 4916153, '1999-02-14', 4),
(130, 'TANYA', 4916153, '1999-02-14', 3),
(131, 'TANYA', 4916153, '1999-02-14', 9),
(132, 'TANYA', 4916153, '1999-02-14', 8),
(133, 'TANYA', 4916153, '1999-02-14', 7),
(134, 'TANYA', 4916153, '1999-02-14', 6),
(135, 'TANYA', 4916153, '1997-02-14', 2),
(136, 'SIMRAN KUMARI', 4916150, '1997-02-14', 5),
(137, 'SIMRAN KUMARI', 4916150, '1997-02-14', 1),
(138, 'SIMRAN KUMARI', 4916150, '1997-02-14', 4),
(139, 'SIMRAN KUMARI', 4916150, '1997-02-14', 3),
(140, 'SIMRAN KUMARI', 4916150, '1997-02-14', 9),
(141, 'SIMRAN KUMARI', 4916150, '1997-02-14', 8),
(142, 'SIMRAN KUMARI', 4916150, '1997-02-14', 7),
(143, 'SIMRAN KUMARI', 4916150, '1997-02-14', 6),
(144, 'SIMRAN KUMARI', 4916150, '1997-02-14', 2),
(145, 'SHIVANGI SINGH', 4916148, '1997-02-14', 5),
(146, 'SHIVANGI SINGH', 4916148, '1997-02-14', 1),
(147, 'SHIVANGI SINGH', 4916148, '1997-02-14', 4),
(148, 'SHIVANGI SINGH', 4916148, '1997-02-14', 3),
(149, 'SHIVANGI SINGH', 4916148, '1997-02-14', 9),
(150, 'SHIVANGI SINGH', 4916148, '1997-02-14', 8),
(151, 'SHIVANGI SINGH', 4916148, '1997-02-14', 7),
(152, 'SHIVAM ', 4916147, '1994-09-30', 5),
(153, 'SHIVAM ', 4916147, '1994-09-30', 1),
(154, 'SHIVAM ', 4916147, '1994-09-30', 4),
(155, 'SHIVAM ', 4916147, '1994-09-30', 3),
(156, 'SHIVAM ', 4916147, '1994-09-30', 9),
(157, 'SHIVAM ', 4916147, '1994-09-30', 8),
(158, 'SHIVAM ', 4916147, '1994-09-30', 7),
(159, 'SHIVAM ', 4916147, '1994-09-30', 6),
(160, 'SHIVAM ', 4916147, '1994-09-30', 2),
(161, 'SHEETAL ', 4916145, '1999-02-14', 5),
(162, 'SHEETAL ', 4916145, '1999-02-14', 1),
(163, 'SHEETAL ', 4916145, '1999-02-14', 4),
(164, 'SHEETAL ', 4916145, '1999-02-14', 3),
(165, 'SHEETAL ', 4916145, '1999-02-14', 9),
(166, 'SHEETAL ', 4916145, '1999-02-14', 8),
(167, 'SHEETAL ', 4916145, '1999-02-14', 7),
(168, 'SHEETAL ', 4916145, '1999-02-14', 6),
(169, 'SHEETAL ', 4916145, '1999-02-14', 2),
(170, 'SHIVANGI SINGH', 4916148, '1997-02-14', 6),
(171, 'SHIVANGI SINGH', 4916148, '1997-02-14', 2),
(172, 'Shaikat Azad', 4916143, '1997-02-14', 5),
(173, 'Shaikat Azad', 4916143, '1997-02-14', 1),
(174, 'Shaikat Azad', 4916143, '1997-02-14', 4),
(175, 'Shaikat Azad', 4916143, '1997-02-14', 3),
(176, 'Shaikat Azad', 4916143, '1997-02-14', 9),
(177, 'Shaikat Azad', 4916143, '1997-02-14', 8),
(178, 'Shaikat Azad', 4916143, '1997-02-14', 7),
(179, 'Shaikat Azad', 4916143, '1997-02-14', 6),
(180, 'Shaikat Azad', 4916143, '1997-02-14', 2),
(181, 'SARANSH KHURANA', 4916142, '1997-06-06', 5),
(182, 'SARANSH KHURANA', 4916142, '1997-06-06', 1),
(183, 'SARANSH KHURANA', 4916142, '1997-06-06', 4),
(184, 'SARANSH KHURANA', 4916142, '1997-06-06', 3),
(185, 'SARANSH KHURANA', 4916142, '1997-06-06', 9),
(186, 'SARANSH KHURANA', 4916142, '1997-06-06', 8),
(187, 'SARANSH KHURANA', 4916142, '1997-06-06', 7),
(188, 'SARANSH KHURANA', 4916142, '1997-06-06', 6),
(189, 'SARANSH KHURANA', 4916142, '1997-06-06', 2),
(190, 'SAMUEL SKARIA', 4916141, '1997-02-14', 5),
(191, 'SAMUEL SKARIA', 4916141, '1997-02-14', 1),
(192, 'SAMUEL SKARIA', 4916141, '1997-02-14', 4),
(194, 'SAMUEL SKARIA', 4916141, '1997-02-14', 3),
(195, 'SAMUEL SKARIA', 4916141, '1997-02-14', 9),
(196, 'SAMUEL SKARIA', 4916141, '1997-02-14', 8),
(197, 'SAMUEL SKARIA', 4916141, '1997-02-14', 7),
(198, 'SAMUEL SKARIA', 4916141, '1997-02-14', 6),
(199, 'SAMUEL SKARIA', 4916141, '1997-02-14', 2),
(200, 'Sajib Roy', 4916140, '1997-06-06', 5),
(201, 'Sajib Roy', 4916140, '1997-06-06', 1),
(202, 'Sajib Roy', 4916140, '1997-06-06', 4),
(203, 'Sajib Roy', 4916140, '1997-06-06', 3),
(204, 'Sajib Roy', 4916140, '1997-06-06', 9),
(205, 'Sajib Roy', 4916140, '1997-06-06', 8),
(206, 'Sajib Roy', 4916140, '1997-06-06', 7),
(207, 'Sajib Roy', 4916140, '1997-06-06', 6),
(208, 'Sajib Roy', 4916140, '1997-06-06', 2),
(209, 'S. CHINMALSAWM', 4916137, '1999-02-14', 5),
(210, 'S. CHINMALSAWM', 4916137, '1999-02-14', 1),
(211, 'S. CHINMALSAWM', 4916137, '1999-02-14', 4),
(212, 'S. CHINMALSAWM', 4916137, '1999-02-14', 3),
(213, 'S. CHINMALSAWM', 4916137, '1999-02-14', 9),
(214, 'S. CHINMALSAWM', 4916137, '1999-02-14', 8),
(215, 'S. CHINMALSAWM', 4916137, '1999-02-14', 7),
(216, 'S. CHINMALSAWM', 4916137, '1999-02-14', 6),
(217, 'S. CHINMALSAWM', 4916137, '1999-02-14', 2),
(218, 'RUPALI', 4916135, '1999-02-14', 5),
(219, 'RUPALI', 4916135, '1999-02-14', 1),
(220, 'RUPALI', 4916135, '1999-02-14', 4),
(221, 'RUPALI', 4916135, '1999-02-14', 3),
(222, 'RUPALI', 4916135, '1999-02-14', 9),
(223, 'RUPALI', 4916135, '1999-02-14', 8),
(224, 'RUPALI', 4916135, '1999-02-14', 7),
(225, 'RUPALI', 4916135, '1999-02-14', 6),
(226, 'RUPALI', 4916135, '1999-02-14', 2),
(227, 'RIYA KUMARI', 4916133, '1998-12-12', 5),
(228, 'RIYA KUMARI', 4916133, '1998-12-12', 1),
(229, 'RIYA KUMARI', 4916133, '1998-12-12', 4),
(230, 'RIYA KUMARI', 4916133, '1998-12-12', 3),
(231, 'RIYA KUMARI', 4916133, '1998-12-12', 9),
(232, 'RIYA KUMARI', 4916133, '1998-12-12', 8),
(233, 'RIYA KUMARI', 4916133, '1998-12-12', 7),
(234, 'RIYA KUMARI', 4916133, '1998-12-12', 6),
(235, 'RIYA KUMARI', 4916133, '1998-12-12', 2),
(236, 'RISHU KUMARI', 4916132, '1999-02-14', 5),
(237, 'RISHU KUMARI', 4916132, '1999-02-14', 1),
(238, 'RISHU KUMARI', 4916132, '1999-02-14', 4),
(239, 'RISHU KUMARI', 4916132, '1999-02-14', 3),
(240, 'RISHU KUMARI', 4916132, '1999-02-14', 9),
(241, 'RISHU KUMARI', 4916132, '1999-02-14', 8),
(242, 'RISHU KUMARI', 4916132, '1999-02-14', 7),
(243, 'RISHU KUMARI', 4916132, '1999-02-14', 6),
(244, 'RISHU KUMARI', 4916132, '1999-02-14', 2),
(245, 'REFATUL AMIN REFAT', 4916131, '1994-09-30', 5),
(246, 'REFATUL AMIN REFAT', 4916131, '1994-09-30', 1),
(247, 'REFATUL AMIN REFAT', 4916131, '1994-09-30', 4),
(248, 'REFATUL AMIN REFAT', 4916131, '1994-09-30', 3),
(249, 'REFATUL AMIN REFAT', 4916131, '1994-09-30', 9),
(250, 'REFATUL AMIN REFAT', 4916131, '1994-09-30', 8),
(251, 'REFATUL AMIN REFAT', 4916131, '1994-09-30', 7),
(252, 'REFATUL AMIN REFAT', 4916131, '1994-09-30', 6),
(253, 'REFATUL AMIN REFAT', 4916131, '1994-09-30', 2),
(254, 'PRINCE KUMAR', 4916130, '1997-06-06', 5),
(255, 'PRINCE KUMAR', 4916130, '1997-06-06', 1),
(256, 'PRINCE KUMAR', 4916130, '1997-06-06', 4),
(257, 'PRINCE KUMAR', 4916130, '1997-06-06', 3),
(258, 'PRINCE KUMAR', 4916130, '1997-06-06', 9),
(259, 'PRINCE KUMAR', 4916130, '1997-06-06', 8),
(260, 'PRINCE KUMAR', 4916130, '1997-06-06', 7),
(261, 'PRINCE KUMAR', 4916130, '1997-06-06', 6),
(262, 'PRINCE KUMAR', 4916130, '1997-06-06', 2),
(263, 'PRIKSHIT', 4916129, '1997-02-14', 5),
(264, 'PRIKSHIT', 4916129, '1997-02-14', 1),
(265, 'PRIKSHIT', 4916129, '1997-02-14', 4),
(266, 'PRIKSHIT', 4916129, '1997-02-14', 3),
(267, 'PRIKSHIT', 4916129, '1997-02-14', 9),
(268, 'PRIKSHIT', 4916129, '1997-02-14', 8),
(269, 'PRIKSHIT', 4916129, '1997-02-14', 7),
(270, 'PRIKSHIT', 4916129, '1997-02-14', 6),
(271, 'PRIKSHIT', 4916129, '1997-02-14', 2),
(272, 'PRACHI RANJAN', 4916128, '1999-02-14', 5),
(273, 'PRACHI RANJAN', 4916128, '1999-02-14', 1),
(274, 'PRACHI RANJAN', 4916128, '1999-02-14', 4),
(275, 'PRACHI RANJAN', 4916128, '1999-02-14', 3),
(276, 'PRACHI RANJAN', 4916128, '1999-02-14', 9),
(277, 'PRACHI RANJAN', 4916128, '1999-02-14', 8),
(278, 'PRACHI RANJAN', 4916128, '1999-02-14', 7),
(279, 'PRACHI RANJAN', 4916128, '1999-02-14', 6),
(280, 'PRACHI RANJAN', 4916128, '1999-02-14', 2),
(281, 'PRABHJOT SINGH', 4916127, '1997-06-06', 5),
(282, 'PRABHJOT SINGH', 4916127, '1997-06-06', 1),
(283, 'PRABHJOT SINGH', 4916127, '1997-06-06', 4),
(284, 'PRABHJOT SINGH', 4916127, '1997-06-06', 3),
(285, 'PRABHJOT SINGH', 4916127, '1997-06-06', 9),
(286, 'PRABHJOT SINGH', 4916127, '1997-06-06', 8),
(287, 'PRABHJOT SINGH', 4916127, '1997-06-06', 7),
(288, 'PRABHJOT SINGH', 4916127, '1997-06-06', 6),
(289, 'PRABHJOT SINGH', 4916127, '1997-06-06', 2),
(290, 'POOJA KUMARI SHARMA', 4916126, '1999-02-14', 5),
(291, 'POOJA KUMARI SHARMA', 4916126, '1999-02-14', 1),
(292, 'POOJA KUMARI SHARMA', 4916126, '1999-02-14', 4),
(293, 'POOJA KUMARI SHARMA', 4916126, '1999-02-14', 3),
(294, 'POOJA KUMARI SHARMA', 4916126, '1999-02-14', 9),
(295, 'POOJA KUMARI SHARMA', 4916126, '1999-02-14', 8),
(296, 'POOJA KUMARI SHARMA', 4916126, '1999-02-14', 7),
(297, 'POOJA KUMARI SHARMA', 4916126, '1999-02-14', 6),
(298, 'POOJA KUMARI SHARMA', 4916126, '1999-02-14', 2);

-- --------------------------------------------------------

--
-- Table structure for table `tbl_teacher`
--

CREATE TABLE `tbl_teacher` (
  `teacher_id` int(11) NOT NULL,
  `teacher_name` varchar(150) NOT NULL,
  `teacher_address` text NOT NULL,
  `teacher_emailid` varchar(100) NOT NULL,
  `teacher_password` varchar(100) NOT NULL,
  `teacher_qualification` varchar(100) NOT NULL,
  `teacher_doj` date NOT NULL,
  `teacher_image` varchar(100) NOT NULL,
  `teacher_grade_id` int(11) NOT NULL
) ENGINE=InnoDB DEFAULT CHARSET=latin1;

--
-- Dumping data for table `tbl_teacher`
--

INSERT INTO `tbl_teacher` (`teacher_id`, `teacher_name`, `teacher_address`, `teacher_emailid`, `teacher_password`, `teacher_qualification`, `teacher_doj`, `teacher_image`, `teacher_grade_id`) VALUES
(11, 'Kapil Saini', 'Geeta Engineering College, Naultha,Israna', 'cs@gmail.com', '$2y$10$lOLJ2OMxcLoxrJz6IBRi1OVnuYpIgeRkFxXZU6jVPfx3s8dW2lNoq', 'B.E / M.B.A / M.Tech', '2016-05-22', '5dc3b382eb2b6.png', 4),
(13, 'Ankit Bahl', 'Geeta Engineering College, Naultha,Israna', 'mp@gmail.com', '$2y$10$doG8SDEJqRYSxxx7QV1H3uwMwKZlwBSyRVrhDkz14DCiOzuG7066y', 'B.Tech / M.Tech', '2019-09-19', '5dc3b378de789.png', 9),
(14, 'Pardeep Kumar', 'Geeta Engineering College, Naultha,Israna', 'ulp@gmail.com', '$2y$10$OmN9PlVF0lutWYZHM/RqIuABXYVvPMUoWBJarDm0UfCvxtNF2QJpa', 'B.Tech / M.Tech', '2019-09-19', '5dc3b36e6c059.png', 6),
(15, 'Pardeep Kumar', 'Geeta Engineering College, Naultha,Israna', 'ulplab@gmail.com', '$2y$10$2IzeNFqLcXQJZjrozcB/Ne1yJfrp8qnFm7jRGxP8D5xLF1VtGOH6e', 'B.Tech / M.Tech', '2019-09-19', '5dc3b35b5efb8.png', 2),
(16, 'Shayog Sharma', 'Geeta Engineering College, Naultha,Israna', 'pdp@gmail.com', '$2y$10$5Nl3XyWaOELyDNQNoFghw.td8DSFBGE997RTPwznizMgP/bRbVmPi', 'B.Tech / M.Tech', '2015-05-21', '5dc3b35056244.png', 8),
(17, 'Dr. Mamta Kumari', 'Geeta Engineering College, Naultha,Israna', 'cga@gmail.com', '$2y$10$NKhYRxReTjF/NCDhHfk3uuFMOCYB8I1TM5tKU9nToKUiXs4/6iO1W', 'B.Tech / M.Tech', '2019-08-19', '5dc3b341c5b38.png', 5),
(18, 'Dr. Mamta Kumari', 'Geeta Engineering College, Naultha,Israna', 'cgalab@gmail.com', '$2y$10$xi5L.4FhZqehU/JtCfofe.vJhvdm/ssDKX8ZvCRY0U.AGc2MFKB7.', 'B.Tech / M.Tech', '2019-08-19', '5dc3b32ac4c72.png', 1),
(19, 'Ms. Taruna', 'Geeta Engineering College, Naultha,Israna', 'seminar@gmail.com', '$2y$10$skyXyQWvQbXkwdWplhPqT.yGOsT3KICDxIeaRjF1wBR17mejWZ6mW', 'B.Tech / M.Tech', '2019-09-16', '5dc3e9d9227c5.png', 7),
(20, 'Deepika Arora', 'Geeta Engineering College, Naultha,Israna', 'es@gmail.com', '$2y$10$Vn2esUkNzBH33iZv7vkBpefH2N7b0bZkIv7uVhPDb4ockCp2NFjX2', 'B.Tech / M.Tech', '2019-10-03', '5dc3b30392feb.png', 3);

--
-- Indexes for dumped tables
--

--
-- Indexes for table `tbl_admin`
--
ALTER TABLE `tbl_admin`
  ADD PRIMARY KEY (`admin_id`);

--
-- Indexes for table `tbl_attendance`
--
ALTER TABLE `tbl_attendance`
  ADD PRIMARY KEY (`attendance_id`);

--
-- Indexes for table `tbl_grade`
--
ALTER TABLE `tbl_grade`
  ADD PRIMARY KEY (`grade_id`);

--
-- Indexes for table `tbl_student`
--
ALTER TABLE `tbl_student`
  ADD PRIMARY KEY (`student_id`);

--
-- Indexes for table `tbl_teacher`
--
ALTER TABLE `tbl_teacher`
  ADD PRIMARY KEY (`teacher_id`);

--
-- AUTO_INCREMENT for dumped tables
--

--
-- AUTO_INCREMENT for table `tbl_admin`
--
ALTER TABLE `tbl_admin`
  MODIFY `admin_id` int(11) NOT NULL AUTO_INCREMENT, AUTO_INCREMENT=2;
--
-- AUTO_INCREMENT for table `tbl_attendance`
--
ALTER TABLE `tbl_attendance`
  MODIFY `attendance_id` int(11) NOT NULL AUTO_INCREMENT, AUTO_INCREMENT=541;
--
-- AUTO_INCREMENT for table `tbl_grade`
--
ALTER TABLE `tbl_grade`
  MODIFY `grade_id` int(11) NOT NULL AUTO_INCREMENT, AUTO_INCREMENT=10;
--
-- AUTO_INCREMENT for table `tbl_student`
--
ALTER TABLE `tbl_student`
  MODIFY `student_id` int(11) NOT NULL AUTO_INCREMENT, AUTO_INCREMENT=299;
--
-- AUTO_INCREMENT for table `tbl_teacher`
--
ALTER TABLE `tbl_teacher`
  MODIFY `teacher_id` int(11) NOT NULL AUTO_INCREMENT, AUTO_INCREMENT=21;
/*!40101 SET CHARACTER_SET_CLIENT=@OLD_CHARACTER_SET_CLIENT */;
/*!40101 SET CHARACTER_SET_RESULTS=@OLD_CHARACTER_SET_RESULTS */;
/*!40101 SET COLLATION_CONNECTION=@OLD_COLLATION_CONNECTION */;
